,Freq_lemma,length,char,Freq_type,sentence.pos,sentence.length,word_sentence,Sentences_with_mask,КОЛЛОКАЦИЯ,Наличие коллакаций,КОЛЛОКАЦИЯ 2,Наличие коллакаций 2,точное модели,близкий модель,приемлемый модель,доля_хороших_предсказаний_модель,лекс. ошибка модель,часть речи ош. модель,ошибка модель,доля_плохих_предсказаний_модель,точное люди,близкий люди,приемлемый люди,доля_хороших_предсказаний_люди,лекс. ошибка люди,часть речи ош. люди,ошибка люди,доля_плохих_предсказаний_люди,всего предсказаний_люди,точное берт,близкий берт ,приемлемый берт,доля_хороших_предсказаний_берт,лекс. ошибка берт,часть речи ош. берт,ошибка берт,доля_плохих_предсказаний_берт
атрибутика,"1,5",long,10,low,5,9,"0,56","Клиенты воровали из ресторана <mask>  ― скульптурки, кувшинчики, шкатулки.",ресторана атрибутику,0,ресторана атрибутику,0,"0,00","0,00","0,14","0,14","0,57","0,14","0,14","0,86","0,00","0,00","0,00","0,00","0,64","0,14","0,21","1,00",14,"0,00","0,00","0,00","0,00","0,00","0,00","1,00","1,00"
бант,"5,3",short,4,low,4,10,"0,40",Очень хочется заплести <mask> в косу и надеть красивое платье.,заплести бант,0,заплести бант,0,"0,00","0,00","0,71","0,71","0,29","0,00","0,00","0,29","0,00","0,00","0,48","0,48","0,43","0,05","0,05","0,52",21,"0,00","0,00","1,00","1,00","0,00","0,00","0,00","0,00"
бросить,"116,5",medium,7,high,3,10,"0,30","Можно будет <mask> дополнительные занятия, и даже школу можно бросить.",будет бросить,0,можно бросить,0,"0,00","0,00","0,14","0,14","0,57","0,29","0,00","0,86","0,00","0,00","0,25","0,25","0,69","0,06","0,00","0,75",65,"0,00","0,00","0,50","0,50","0,50","0,00","0,00","0,50"
дать,"573,1",short,4,high,3,8,"0,38",Применение микросхемы <mask> возможность уменьшить вес бытовой электроники.,микросхемы дать,0,применение дать,0,"0,00","0,00","0,00","0,00","0,14","0,43","0,43","1,00","0,05","0,00","0,05","0,10","0,38","0,48","0,05","0,90",21,"0,00","0,50","0,00","0,50","0,00","0,50","0,00","0,50"
едкий,"5,7",medium,5,low,3,9,"0,33",С нескрываемой <mask> иронией отзываются они друг о друге.,нескрываемый едкий,0,нескрываемый едкий,0,"0,00","0,00","0,00","0,00","0,00","0,86","0,14","1,00","0,00","0,00","0,00","0,00","0,00","0,88","0,13","1,00",16,"0,00","0,00","1,00","1,00","0,00","0,00","0,00","0,00"
жирность,1,long,8,low,5,7,"0,71",В качестве примера приводится <mask>  куриного бульона.,приводится жирность,0,приводится жирность,0,"0,00","0,00","0,43","0,43","0,43","0,00","0,14","0,57","0,00","0,00","0,06","0,06","0,54","0,37","0,03","0,94",70,"0,00","0,00","0,50","0,50","0,50","0,00","0,00","0,50"
журчание,"1,5",long,8,low,2,9,"0,22","Вспоминая <mask>  водяных струй, мы непременно подумаем о фонтанах.",вспоминтать журчание,0,вспоминтать журчание,0,"0,00","0,00","0,00","0,00","0,14","0,43","0,43","1,00","0,00","0,00","0,00","0,00","0,25","0,75","0,00","1,00",24,"0,00","0,00","0,50","0,50","0,50","0,00","0,00","0,50"
испечь,"3,4",medium,6,low,5,8,"0,63",Ей никак не суметь <mask>  такой торт самой.,суметь испечь,0,суметь испечь,0,"0,14","0,00","0,29","0,43","0,29","0,14","0,14","0,57","0,00","0,00","0,33","0,33","0,57","0,09","0,01","0,67",122,"0,00","0,00","1,00","1,00","0,00","0,00","0,00","0,00"
купон,"2,6",medium,5,low,6,9,"0,67","Убедительно просим вас разборчиво заполнять <mask>, желательно печатными буквами.",заполнять купон,0,заполнять купон,0,"0,00","0,00","0,43","0,43","0,14","0,43","0,00","0,57","0,00","0,00","0,88","0,88","0,00","0,06","0,06","0,13",16,"0,00","0,00","1,00","1,00","0,00","0,00","0,00","0,00"
лопоухий,"1,2",long,8,low,4,9,"0,44",Старуха была страшной -- <mask>  и с гнилыми зубами.,через тире,0,через тире,0,"0,00","0,00","0,71","0,71","0,00","0,29","0,00","0,29","0,00","0,00","0,18","0,18","0,03","0,75","0,04","0,82",71,"0,00","0,00","0,50","0,50","0,00","0,00","0,50","0,50"
микроб,"4,9",medium,6,low,3,9,"0,33","В бассейне <mask>  живут недолго, они привыкли к организму.",бассейне микробы,0,бассейне микробы,0,"0,00","0,00","0,00","0,00","0,57","0,29","0,14","1,00","0,00","0,00","0,43","0,43","0,50","0,04","0,03","0,57",151,"0,00","0,00","0,50","0,50","0,50","0,00","0,00","0,50"
миссионер,"2,8",long,9,low,3,9,"0,33",В резервациях <mask>  взялись их обращать в новую веру.,резервациях миссионеры,0,резервациях миссионеры,0,"0,00","0,00","0,43","0,43","0,00","0,14","0,43","0,57","0,00","0,00","0,88","0,88","0,00","0,12","0,00","0,12",17,"0,00","0,00","0,50","0,50","0,00","0,00","0,50","0,50"
мопед,"0,8",medium,5,low,5,10,"0,50",Приблизительно в центре тайги <mask> упал в сугроб и сломался.,тайги мопед,0,тайги мопед,0,"0,00","0,00","0,29","0,29","0,14","0,14","0,43","0,71","0,00","0,00","0,00","0,00","0,06","0,88","0,06","1,00",16,"0,00","0,00","0,50","0,50","0,50","0,00","0,00","0,50"
несчастный,"54,9",long,10,high,6,11,"0,55","Они не ели целый день, <mask> дети, и были очень голодны.",через запятую,0,через запятую,0,"0,00","0,00","0,00","0,00","0,00","0,43","0,57","1,00","0,00","0,00","0,00","0,00","0,00","1,00","0,00","1,00",15,"0,00","0,00","0,00","0,00","0,00","1,00","0,00","1,00"
неявный,"1,7",medium,7,low,5,10,"0,50","В речи учёного прозвучало <mask>  сопоставление с другим, знаменитым, физиком.",прозвучало неявное,0,прозвучало неявное,0,"0,00","0,00","0,29","0,29","0,00","0,57","0,14","0,71","0,00","0,00","0,21","0,21","0,04","0,76","0,00","0,79",107,"0,00","0,00","0,00","0,00","0,50","0,50","0,00","1,00"
ноев,"0,6",short,4,low,4,10,"0,40","Существует легенда, что <mask> ковчег вынесло на вершину этой горы.",через запятую,0,легенда ноев,0,"0,00","0,00","0,14","0,14","0,14","0,71","0,00","0,86","0,00","0,00","0,25","0,25","0,03","0,70","0,02","0,75",61,"0,00","0,00","0,00","0,00","1,00","0,00","0,00","1,00"
пахучий,"4,6",medium,7,low,9,11,"0,82","Я люблю салат из картошки с зеленью, заправленный <mask>  подсолнечным маслом.",заправленный пахучим,0,заправленный пахучим,0,"0,00","0,00","0,00","0,00","0,14","0,86","0,00","1,00","0,00","0,00","0,02","0,02","0,16","0,80","0,01","0,98",91,"0,00","0,00","0,00","0,00","0,00","0,00","1,00","1,00"
подвинуть,4,long,9,low,4,11,"0,36","Журналист взял карандаш, <mask>  к себе чистый лист и написал цифру.",через запятую,0,через запятую,0,"0,00","0,00","0,00","0,00","0,29","0,71","0,00","1,00","0,00","0,00","0,00","0,00","0,31","0,63","0,06","1,00",16,"0,00","0,00","0,50","0,50","0,50","0,00","0,00","0,50"
раритетный,"0,7",long,10,low,4,10,"0,40","Считается, что коллекционирование <mask>  машин ― занятие для звезд шоу-бизнеса.",коллекционирование раритетных,0,коллекционирование раритетных,0,"0,00","0,00","0,57","0,57","0,14","0,14","0,14","0,43","0,00","0,00","0,00","0,00","0,00","0,87","0,13","1,00",15,"0,00","0,00","0,50","0,50","0,50","0,00","0,00","0,50"
розетка,"5,3",medium,7,low,5,10,"0,50",На вторичном рынке жилья <mask>  заклеивают обоями во время ремонта.,жилье розетки,0,жилье розетки,0,"0,00","0,00","0,00","0,00","0,29","0,57","0,14","1,00","0,00","0,00","0,03","0,03","0,13","0,84","0,01","0,97",79,"0,00","0,00","0,50","0,50","0,00","0,50","0,00","0,50"
сгущёнка,"1,2",long,8,low,4,11,"0,36","Когда мне хотелось <mask> , папа мне ее привозил, стоило только позвонить.",хотелось сгущенки,0,хотелось сгущенки,0,"0,00","0,00","0,29","0,29","0,00","0,43","0,29","0,71","0,00","0,00","0,04","0,04","0,04","0,92","0,00","0,96",24,"0,00","0,00","0,00","0,00","1,00","0,00","0,00","1,00"
спокойный,"83,4",long,9,high,6,8,"0,75","Зачем ему звонить, если откликается <mask> женский голос?",откликается спокойный,0,откликается спокойный,0,"0,00","0,00","0,00","0,00","0,29","0,71","0,00","1,00","0,00","0,00","0,00","0,00","0,06","0,94","0,00","1,00",17,"0,00","0,00","1,00","1,00","0,00","0,00","0,00","0,00"
стог,"4,2",short,4,low,4,8,"0,50","Я слезал, щупал <mask>, чтобы узнать, сухие ли.",щупал стога,0,щупал стога,0,"0,00","0,00","0,14","0,14","0,57","0,14","0,14","0,86","0,00","0,00","0,06","0,06","0,50","0,39","0,06","0,94",18,"0,00","0,00","0,00","0,00","1,00","0,00","0,00","1,00"
талый,3,medium,5,low,6,11,"0,55","Олень бродил среди берёз, жевал <mask> снег и поглядывал за реку.",жевал талый,0,жевал талый,0,"0,00","0,00","0,29","0,29","0,14","0,29","0,29","0,71","0,00","0,00","0,00","0,00","0,06","0,88","0,06","1,00",16,"0,00","0,00","0,50","0,50","0,50","0,00","0,00","0,50"
техосмотр,"1,7",long,9,low,3,11,"0,27","После завершения <mask>  эксперты называют цену, по которой можно забрать автомобиль.",завершение техосмотр,0,завершение техосмотр,0,"0,00","0,00","0,29","0,29","0,71","0,00","0,00","0,71","0,00","0,00","0,35","0,35","0,59","0,06","0,00","0,65",17,"0,00","0,00","1,00","1,00","0,00","0,00","0,00","0,00"
урчать,"3,3",medium,6,low,7,11,"0,64","Елена сидела в кресле, молодая Мурка <mask>  у неё на коленях.",мурка урачала,0,корова урчать,0,"0,00","0,00","0,86","0,86","0,14","0,00","0,00","0,14","0,01","0,00","0,84","0,85","0,06","0,06","0,02","0,15",128,"0,00","0,00","1,00","1,00","0,00","0,00","0,00","0,00"
фарш,6,short,4,low,5,10,"0,50","Она успевала убраться, разморозить <mask> и приготовить ужин всем нам.",разморозить фарш,0,разморозить фарш,0,"0,00","0,00","0,29","0,29","0,57","0,14","0,00","0,71","0,00","0,00","0,72","0,72","0,17","0,11","0,00","0,28",18,"0,00","0,00","0,50","0,50","0,50","0,00","0,00","0,50"
юлин,1,short,4,low,7,11,"0,64","Ей хотелось выплеснуть чай на бежевый <mask> пиджак, но она сдерживалась.",бежевый юлин,0,бежевый юлин,0,"0,00","0,00","0,14","0,14","0,00","0,86","0,00","0,86","0,00","0,00","0,00","0,00","0,00","1,00","0,00","1,00",53,"0,00","0,00","0,50","0,50","0,50","0,00","0,00","0,50"
юный,"53,8",short,4,high,5,11,"0,45",На привале у озера <mask> турист вручил товарищам ведро и кувшин.,озера юный,0,озера юный,0,"0,00","0,00","0,00","0,00","0,00","0,43","0,57","1,00","0,00","0,00","0,00","0,00","0,00","0,97","0,03","1,00",69,"0,00","0,00","1,00","1,00","0,00","0,00","0,00","0,00"
атмосфера,"56,4",long,9,high,4,9,"0,44",В тот момент <mask> наших посиделок внезапно сильно изменилась.,момент атмосфера,"0,01",момент атмосфера,"0,01","0,29","0,00","0,00","0,29","0,00","0,29","0,43","0,71","0,00","0,00","0,00","0,00","0,00","1,00","0,00","1,00",16,"1,00","0,00","0,00","1,00","0,00","0,00","0,00","0,00"
бампер,"3,7",medium,6,low,8,10,"0,80",Ему удалось вскрыть банку об острый край <mask>  своего автомобиля.,край бампера,"0,01",край бампера,"0,01","0,00","0,00","0,00","0,00","0,71","0,14","0,14","1,00","0,00","0,00","0,00","0,00","0,94","0,06","0,00","1,00",16,"0,00","0,00","1,00","1,00","0,00","0,00","0,00","0,00"
барс,"3,9",short,4,low,4,8,"0,50",На запись голоса <mask> я наткнулся совершенно случайно.,голос барса,"0,01",голос барса,"0,01","0,00","0,00","0,00","0,00","0,14","0,43","0,43","1,00","0,00","0,00","0,10","0,10","0,00","0,86","0,04","0,90",51,"0,00","0,00","0,50","0,50","0,00","0,00","0,50","0,50"
зоркий,"3,4",medium,6,low,6,10,"0,60","Создать настоящие шедевры вам помогут <mask>  глаз, терпение и упорство.",помочь зоркий,"0,01",помочь зоркий,"0,01","0,00","0,00","0,29","0,29","0,29","0,14","0,29","0,71","0,00","0,00","0,75","0,75","0,06","0,19","0,00","0,25",16,"0,00","0,00","0,00","0,00","0,00","0,00","1,00","1,00"
командир,"110,9",long,8,high,5,10,"0,50","В вопросе послышался упрёк <mask>, словно он был виновником происшедшего.",упрек командиру,"0,01",упрек командиру,"0,01","0,00","0,00","0,14","0,14","0,14","0,14","0,57","0,86","0,00","0,00","0,05","0,05","0,00","0,95","0,00","0,95",19,"0,00","0,00","1,00","1,00","0,00","0,00","0,00","0,00"
муж,263,short,3,high,3,11,"0,27","Не поручайте <mask> ухаживать за рыбками в аквариуме, он обязательно забудет.",поручайте мужу,"0,01",поручайте мужу,"0,01","0,00","0,00","0,71","0,71","0,14","0,14","0,00","0,29","0,00","0,00","0,21","0,21","0,42","0,34","0,02","0,79",85,"0,00","0,00","0,50","0,50","0,50","0,00","0,00","0,50"
мять,"4,7",short,4,low,4,8,"0,50","В деревнях по-прежнему <mask> лен, дороги оставались непроезжими.",по-прежнему мяли,"0,01",деревнях мяли,"0,01","0,00","0,00","0,14","0,14","0,14","0,57","0,14","0,86","0,00","0,00","0,31","0,31","0,38","0,25","0,06","0,69",16,"0,00","0,00","1,00","1,00","0,00","0,00","0,00","0,00"
напряжение,"50,7",long,10,high,6,9,"0,67","Твоё тело расслабляется, и исчезает <mask> в области мышц.",исчезает напряжение,"0,01",исчезает напряжение,"0,01","0,71","0,14","0,00","0,86","0,00","0,14","0,00","0,14","0,20","0,13","0,53","0,87","0,00","0,13","0,00","0,13",15,"1,00","0,00","0,00","1,00","0,00","0,00","0,00","0,00"
обгореть,"3,3",long,8,low,3,11,"0,27","У Пашки <mask>  ресницы и щеки, ходит, намазанный кремом от ожогов.",Пашки обгорели,0,мальчик обгореть,"0,01","0,00","0,00","0,29","0,29","0,14","0,14","0,43","0,71","0,00","0,00","0,00","0,00","0,85","0,15","0,00","1,00",20,"0,00","0,00","0,00","0,00","0,50","0,00","0,50","1,00"
омыть,"1,9",medium,5,low,6,10,"0,60","Я сказал, что русский солдат <mask>  сапоги в Индийском океане.",соладт омоет,"0,01",соладт омоет,"0,01","0,00","0,00","0,00","0,00","0,57","0,43","0,00","1,00","0,00","0,00","0,00","0,00","0,19","0,75","0,06","1,00",16,"0,00","0,00","0,50","0,50","0,00","0,00","0,50","0,50"
оса,"3,2",short,3,low,6,11,"0,55",В сюжете этого фильма какие-то <mask> устраивают себе гнёзда в дереве.,какие-то осы,"0,01",какие-то осы,"0,01","0,00","0,00","0,71","0,71","0,14","0,14","0,00","0,29","0,00","0,00","0,35","0,35","0,28","0,38","0,00","0,65",69,"0,00","0,00","1,00","1,00","0,00","0,00","0,00","0,00"
пластмасса,"4,3",long,10,low,5,10,"0,50",Ненужный коврик из твёрдой <mask>  пригодится как подставка для посуды.,твердой пластмассы,"0,01",твердой пластмассы,"0,01","0,29","0,00","0,71","1,00","0,00","0,00","0,00","0,00","0,07","0,00","0,36","0,43","0,43","0,00","0,14","0,57",14,"0,00","0,00","1,00","1,00","0,00","0,00","0,00","0,00"
покрывало,"7,1",long,9,low,3,10,"0,30","Отвернув цветастое <mask> , она осторожно присела на край своей кровати.",цветастое покрывало,"0,01",цветастое покрывало,"0,01","0,71","0,00","0,14","0,86","0,14","0,00","0,00","0,14","0,29","0,00","0,18","0,47","0,41","0,12","0,00","0,53",17,"0,00","0,00","0,00","0,00","1,00","0,00","0,00","1,00"
пригрозить,"6,2",long,10,low,3,11,"0,27","Когда родители <mask>  не взять её с собой, Маша очень расстроилась.",родители пригрозили,"0,01",родители пригрозили,"0,01","0,00","0,00","0,00","0,00","0,43","0,57","0,00","1,00","0,00","0,00","0,07","0,07","0,57","0,21","0,14","0,93",14,"0,00","0,00","1,00","1,00","0,00","0,00","0,00","0,00"
сечь,"3,6",short,4,low,5,11,"0,45","Собаку, виновницу случившегося, приказали <mask>, хотя в чем была ее вина?",приказали сечь,"0,01",приказали сечь,"0,01","0,00","0,00","0,86","0,86","0,14","0,00","0,00","0,14","0,00","0,00","0,88","0,88","0,00","0,06","0,06","0,13",16,"0,00","0,00","1,00","1,00","0,00","0,00","0,00","0,00"
сор,"3,8",short,3,low,5,7,"0,71",Он умел из любого <mask> извлекать информацию.,любого сора,"0,01",любого сора,"0,01","0,00","0,00","0,71","0,71","0,29","0,00","0,00","0,29","0,01","0,00","0,57","0,58","0,34","0,07","0,01","0,42",88,"0,00","0,00","1,00","1,00","0,00","0,00","0,00","0,00"
соринка,"1,3",medium,7,low,7,11,"0,64","Если я еще увижу здесь хоть <mask> , я тебе уши оторву.",хоть соринку,"0,01",хоть соринку,"0,01","0,00","0,00","0,71","0,71","0,00","0,00","0,29","0,29","0,01","0,00","0,82","0,83","0,13","0,05","0,00","0,17",88,"0,00","0,00","0,00","0,00","0,50","0,50","0,00","1,00"
стоимость,"98,1",long,9,high,5,9,"0,56",Шею Лизы украшало ожерелье <mask> в 15 тысяч долларов.,ожерелье стоимостью,"0,01",ожерелье стоимостью,"0,01","0,00","0,00","0,00","0,00","0,14","0,57","0,29","1,00","0,00","0,00","0,00","0,00","0,06","0,94","0,00","1,00",16,"1,00","0,00","0,00","1,00","0,00","0,00","0,00","0,00"
ускользать,"7,2",long,10,low,6,9,"0,67",От внимания наблюдателя не должна <mask>  даже малейшая деталь.,должна усколькользать,"0,01",должна усколькользать,"0,01","0,14","0,57","0,14","0,86","0,14","0,00","0,00","0,14","0,04","0,10","0,73","0,87","0,08","0,02","0,04","0,13",52,"0,00","0,00","0,50","0,50","0,50","0,00","0,00","0,50"
фен,2,short,3,low,6,9,"0,67","Что используют для этой прически, <mask> или ещё что?",прически фен,"0,01",прически фен,"0,01","0,14","0,00","0,14","0,29","0,29","0,43","0,00","0,71","0,00","0,00","0,15","0,15","0,06","0,74","0,04","0,85",125,"0,00","0,00","0,00","0,00","1,00","0,00","0,00","1,00"
хмурить,"1,2",medium,7,low,4,8,"0,50","Она с досадой <mask>  брови, оглядываясь на дом.",досадой хмурить,"0,01",досадой хмурить,"0,01","0,00","0,00","0,29","0,29","0,29","0,14","0,29","0,71","0,00","0,01","0,00","0,01","0,99","0,00","0,00","0,99",76,"0,00","0,00","0,00","0,00","0,50","0,50","0,00","1,00"
ярый,"6,6",short,4,low,9,11,"0,82","Покуда я нахожусь у власти, я буду предметом <mask> нападок соперников.",предметом ярых,"0,01",предметом ярых,"0,01","0,00","0,00","0,43","0,43","0,14","0,43","0,00","0,57","0,02","0,00","0,15","0,16","0,04","0,80","0,00","0,84",55,"0,00","0,00","1,00","1,00","0,00","0,00","0,00","0,00"
врач,"173,1",short,4,high,3,9,"0,33","Здесь потребуется <mask>, который будет лечить заболевших в экспедиции?",потребуется врач,"0,02",потребуется врач,"0,02","0,43","0,00","0,00","0,43","0,43","0,14","0,00","0,57","0,00","0,00","0,00","0,00","0,30","0,63","0,07","1,00",27,"1,00","0,00","0,00","1,00","0,00","0,00","0,00","0,00"
заварить,"5,3",long,8,low,5,10,"0,50","Он вскрыл пачку сухарей, <mask>  чай, достал чашки и ложки.",пачка сухарей,"0,02",пачка сухарей,"0,02","0,00","0,00","0,43","0,43","0,14","0,29","0,14","0,57","0,00","0,00","0,55","0,55","0,25","0,20","0,00","0,45",20,"0,00","0,00","1,00","1,00","0,00","0,00","0,00","0,00"
лис,"2,6",short,3,low,7,10,"0,70","Там, недалеко от кухонной двери, сидел <mask> с треугольной мордой.",сидел сил,"0,02",сидел сил,"0,02","0,00","0,00","0,57","0,57","0,00","0,43","0,00","0,43","0,00","0,00","0,33","0,33","0,39","0,25","0,04","0,67",126,"0,00","0,00","0,50","0,50","0,50","0,00","0,00","0,50"
одинаковый,"52,3",long,10,high,3,6,"0,50",Педагог предъявляет <mask> требования ко всем.,предъявляет одинаковые ,"0,02",предъявляет одинаковые ,"0,02","0,00","0,00","0,43","0,43","0,14","0,43","0,00","0,57","0,00","0,00","0,33","0,33","0,07","0,60","0,00","0,67",15,"1,00","0,00","0,00","1,00","0,00","0,00","0,00","0,00"
ореховый,"3,4",long,8,low,3,8,"0,38",Старый шкаф <mask>  дерева был явно не отсюда.,шкаф орехового,"0,02",шкаф орехового,"0,02","0,00","0,00","0,14","0,14","0,14","0,14","0,57","0,86","0,00","0,00","0,03","0,03","0,01","0,96","0,00","0,97",73,"0,00","0,00","1,00","1,00","0,00","0,00","0,00","0,00"
отдельный,"177,5",long,9,high,3,7,"0,43",Ирине досталась <mask> комната в двухкомнатной квартире.,досталась отдельная,"0,02",досталась отдельная,"0,02","0,00","0,00","0,43","0,43","0,29","0,29","0,00","0,57","0,00","0,00","0,19","0,19","0,38","0,44","0,00","0,81",16,"0,00","0,00","1,00","1,00","0,00","0,00","0,00","0,00"
пополнеть,"0,8",long,9,low,7,11,"0,64","Она почти не изменилась, только слегка <mask>  и появились первые морщинки.",слегла пополнела,"0,02",слегла пополнела,"0,02","0,14","0,00","0,43","0,57","0,14","0,29","0,00","0,43","0,06","0,00","0,81","0,88","0,00","0,06","0,06","0,13",16,"0,00","0,00","0,50","0,50","0,50","0,00","0,00","0,50"
растяжение,"1,7",long,10,low,5,9,"0,56","Один футболист, который получил <mask> , не участовал в игре.",получить растяжение,"0,02",получить растяжение,"0,02","0,00","0,00","1,00","1,00","0,00","0,00","0,00","0,00","0,00","0,00","0,79","0,79","0,07","0,14","0,00","0,21",14,"0,00","0,00","1,00","1,00","0,00","0,00","0,00","0,00"
русалка,"4,2",medium,7,low,7,9,"0,78",И на берегу озера тогда появляются <mask>  и ведьмы.,появляются русалки,"0,02",появляются русалки,"0,02","0,00","0,00","0,29","0,29","0,57","0,14","0,00","0,71","0,00","0,00","0,14","0,14","0,49","0,36","0,01","0,86",84,"0,00","0,00","0,50","0,50","0,50","0,00","0,00","0,50"
сытный,"2,9",medium,6,low,6,10,"0,60","Приготовь себе диетические овощные блюда, <mask>  и восхитительные на вкус.",через запятую,0,блюда сытные,"0,02","0,00","0,00","0,57","0,57","0,14","0,29","0,00","0,43","0,00","0,00","0,00","0,00","0,25","0,75","0,00","1,00",16,"0,00","0,00","1,00","1,00","0,00","0,00","0,00","0,00"
тонкий,"112,4",medium,6,high,4,10,"0,40","Чтобы придать объем <mask> волосам, нанесите на них лечебную маску.",объем тоникй,"0,02",объем тоникй,"0,02","0,00","0,00","0,29","0,29","0,00","0,43","0,29","0,71","0,00","0,00","0,26","0,26","0,00","0,63","0,11","0,74",19,"0,00","0,00","1,00","1,00","0,00","0,00","0,00","0,00"
молоко,"57,4",medium,6,high,9,11,"0,82","Мама брала меня с собой, и мы, сдав <mask>, ехали гулять.",сдать молоко,"0,03",сдать молоко,"0,03","0,00","0,00","0,29","0,29","0,14","0,57","0,00","0,71","0,00","0,00","0,63","0,63","0,00","0,21","0,16","0,37",19,"0,00","0,00","1,00","1,00","0,00","0,00","0,00","0,00"
шлейф,"3,5",medium,5,low,6,8,"0,75",За министром труда тянется целый <mask> финансовых скандалов.,целый шлейф,"0,03",целый шлейф,"0,03","0,43","0,00","0,57","1,00","0,00","0,00","0,00","0,00","0,25","0,00","0,44","0,69","0,25","0,00","0,06","0,31",16,"0,00","0,00","1,00","1,00","0,00","0,00","0,00","0,00"
крен,"3,1",short,4,low,4,10,"0,40",Наше правительство сделало <mask> на дополнительные инвестиции в развитие науки.,сделало крен,"0,04",сделало крен,"0,04","0,00","0,00","0,00","0,00","0,57","0,43","0,00","1,00","0,04","0,00","0,31","0,35","0,60","0,04","0,02","0,65",52,"0,00","0,00","1,00","1,00","0,00","0,00","0,00","0,00"
союз,"173,9",short,4,high,7,10,"0,70",Количество денег в обороте выросло благодаря <mask> с американским банком.,благодаря союзу,"0,04",благодаря союзу,"0,04","0,14","0,00","0,14","0,29","0,57","0,14","0,00","0,71","0,00","0,00","0,00","0,00","0,48","0,48","0,04","1,00",23,"0,00","0,00","0,50","0,50","0,50","0,00","0,00","0,50"
злить,3,medium,5,low,5,11,"0,45","Я знал: их особенно <mask>  то, что я никуда не бежал.",особенно злило,"0,05",особенно злило,"0,05","0,00","0,00","0,29","0,29","0,00","0,43","0,29","0,71","0,00","0,00","0,31","0,31","0,13","0,56","0,00","0,69",16,"0,00","0,00","1,00","1,00","0,00","0,00","0,00","0,00"
излишество,"5,3",long,10,low,5,9,"0,56","Наши власти позволяют себе <mask> , создавая иллюзию благополучного общества.",себе излишенства,"0,05",себе излишенства,"0,05","0,00","0,00","0,43","0,43","0,00","0,43","0,14","0,57","0,00","0,00","0,29","0,29","0,00","0,57","0,14","0,71",14,"0,00","0,00","0,50","0,50","0,00","0,50","0,00","0,50"
красота,"94,7",medium,7,high,3,10,"0,30","Душа требовала <mask>, и Николай Фомин украсил свой дом резьбой.",требовала красоты,"0,05",требовала красоты,"0,05","0,00","0,00","0,71","0,71","0,14","0,00","0,14","0,29","0,00","0,00","0,68","0,68","0,23","0,09","0,00","0,32",77,"0,00","0,00","1,00","1,00","0,00","0,00","0,00","0,00"
мазь,"5,5",short,4,low,4,7,"0,57",Врач прописал заживляющую <mask> для обработки раны.,заживляющую мазь,0,прописать мазь,"0,05","1,00","0,00","0,00","1,00","0,00","0,00","0,00","0,00","0,84","0,00","0,11","0,95","0,00","0,00","0,05","0,05",19,"1,00","0,00","0,00","1,00","0,00","0,00","0,00","0,00"
нюх,"3,4",short,3,low,6,9,"0,67",У директора школы был тонкий <mask> на талантливых педагогов.,тонкий нюх,"0,05",тонкий нюх,"0,05","0,00","0,00","0,00","0,00","0,86","0,00","0,14","1,00","0,03","0,00","0,00","0,03","0,89","0,05","0,02","0,97",95,"0,00","0,00","0,00","0,00","1,00","0,00","0,00","1,00"
рыть,"8,7",short,4,low,8,11,"0,73","Не обнаружив ничего в досье, сыщики решили <mask> в другом направлении.",решили рыть,"0,05",решили рыть,"0,05","0,00","0,00","0,29","0,29","0,57","0,00","0,14","0,71","0,00","0,00","0,31","0,31","0,56","0,06","0,06","0,69",16,"0,00","0,00","1,00","1,00","0,00","0,00","0,00","0,00"
уйма,"5,3",short,4,low,5,11,"0,45","За два года накопилась <mask> вопросов, на которые надо было ответить.",накопилась уйма,"0,05",накопилась уйма,"0,05","0,00","0,00","0,43","0,43","0,00","0,43","0,14","0,57","0,00","0,00","0,15","0,15","0,15","0,65","0,05","0,85",20,"0,00","0,00","1,00","1,00","0,00","0,00","0,00","0,00"
крыша,85,medium,5,high,6,11,"0,55",Каждое утро на самый верх <mask> МГУ поднимается симпатичная научная сотрудница.,верх крыши,"0,06",верх крыши,"0,06","0,00","0,00","0,43","0,43","0,43","0,14","0,00","0,57","0,15","0,00","0,20","0,35","0,20","0,40","0,05","0,65",20,"0,00","0,00","1,00","1,00","0,00","0,00","0,00","0,00"
называть,"293,4",long,8,high,5,9,"0,56",В числе возможных кандидатов <mask> депутата от партии правых.,кандидатов называют,"0,06",кандидатов называют,"0,06","0,00","0,00","0,14","0,14","0,00","0,86","0,00","0,86","0,00","0,00","0,24","0,24","0,00","0,76","0,00","0,76",17,"0,00","0,00","0,00","0,00","0,00","1,00","0,00","1,00"
противник,"95,5",long,9,high,3,8,"0,38","Товарищ генерал, <mask> пробрался на наш командный пункт!",через запятую,0,генерал противник,"0,06","0,00","0,00","0,43","0,43","0,14","0,14","0,29","0,57","0,00","0,00","0,00","0,00","0,00","1,00","0,00","1,00",16,"0,00","0,00","0,00","0,00","0,00","1,00","0,00","1,00"
снег,"125,2",short,4,high,9,11,"0,82",Мне было лень идти на стоянку и сметать <mask> с машины.,сметать снег,"0,06",сметать снег,"0,06","1,00","0,00","0,00","1,00","0,00","0,00","0,00","0,00","0,44","0,00","0,26","0,70","0,09","0,18","0,04","0,30",82,"0,50","0,00","0,00","0,50","0,50","0,00","0,00","0,50"
собака,"79,4",medium,6,high,5,8,"0,63","От смерти его спасла <mask>, приносившая ему еду.",спасла собака,"0,06",спасла собака,"0,06","0,00","0,00","0,00","0,00","0,57","0,14","0,29","1,00","0,08","0,00","0,12","0,19","0,17","0,58","0,06","0,81",52,"0,00","0,00","1,00","1,00","0,00","0,00","0,00","0,00"
специалист,"161,9",long,10,high,3,8,"0,38","Работы выполняет <mask> от исполнителя, имеющий высокую квалификацию.",выплняет специались,"0,06",выплняет специались,"0,06","0,29","0,00","0,29","0,57","0,14","0,14","0,14","0,43","0,00","0,00","0,67","0,67","0,00","0,33","0,00","0,33",15,"0,00","0,00","0,00","0,00","0,50","0,50","0,00","1,00"
вол,3,short,3,low,6,12,"0,50","Что может сделать самый сильный <mask>, если он впряжен в сломанную повозку?",сильный вол,"0,07",сильный вол,"0,07","0,00","0,00","0,43","0,43","0,43","0,14","0,00","0,57","0,00","0,00","0,05","0,05","0,81","0,10","0,03","0,95",117,"0,00","0,00","0,00","0,00","1,00","0,00","0,00","1,00"
сук,"6,5",short,3,low,6,11,"0,55",В темноте Иван задел острый <mask> и чуть не порвал рукав.,острый сук,"0,07",острый сук,"0,07","0,00","0,00","1,00","1,00","0,00","0,00","0,00","0,00","0,01","0,00","0,96","0,98","0,03","0,00","0,00","0,03",80,"0,00","0,00","1,00","1,00","0,00","0,00","0,00","0,00"
вить,"2,2",short,4,low,5,11,"0,45",Дрозды и сковрцы начали <mask> семейные гнёзда неподалеку друг от друга.,начали вить,"0,08",начали вить,"0,08","0,29","0,00","0,57","0,86","0,14","0,00","0,00","0,14","0,31","0,00","0,06","0,38","0,44","0,13","0,06","0,63",16,"0,00","0,00","1,00","1,00","0,00","0,00","0,00","0,00"
рубильник,"1,4",long,9,low,7,9,"0,78",В мои обязанности входило утром включить <mask>  в подвале.,включить рубильник,"0,08",включить рубильник,"0,08","0,00","0,00","0,86","0,86","0,00","0,14","0,00","0,14","0,00","0,00","0,94","0,94","0,06","0,00","0,00","0,06",17,"0,00","0,00","1,00","1,00","0,00","0,00","0,00","0,00"
штатив,"1,3",medium,6,low,6,10,"0,60",Мы установили камеру на новый <mask>  и приступили к съемкам.,новый штатив,0,камеру штатив,"0,08","0,29","0,00","0,71","1,00","0,00","0,00","0,00","0,00","0,07","0,00","0,86","0,93","0,04","0,01","0,01","0,07",150,"0,00","0,00","0,00","0,00","1,00","0,00","0,00","1,00"
лето,135,short,4,high,8,10,"0,80",Возможности этих перемен будут обсуждаться в Париже <mask> будущего года.,Париж летом,"0,11",Париж летом,"0,11","0,00","0,00","0,00","0,00","0,14","0,71","0,14","1,00","0,00","0,00","0,04","0,04","0,04","0,83","0,09","0,96",23,"0,00","0,00","0,50","0,50","0,00","0,50","0,00","0,50"
установить,174,long,10,high,3,7,"0,43",Государством предлагается <mask> ограничение на скорость движения.,предлагается установить,"0,11",предлагается установить,"0,11","0,29","0,00","0,00","0,29","0,14","0,57","0,00","0,71","0,00","0,00","0,40","0,40","0,13","0,47","0,00","0,60",15,"0,00","0,00","1,00","1,00","0,00","0,00","0,00","0,00"
нож,"66,6",short,3,high,5,9,"0,56",Он ловко поддел концом <mask> замочки и они отскочили.,концом ножа,"0,13",концом ножа,"0,13","0,14","0,00","0,86","1,00","0,00","0,00","0,00","0,00","0,10","0,00","0,78","0,88","0,03","0,07","0,03","0,12",138,"0,00","0,00","0,50","0,50","0,00","0,50","0,00","0,50"
соната,"3,8",medium,6,low,5,8,"0,63","По воскресеньям музыканты, исполнявшие <mask> , собирались в клубе.",исполнявшие сонаты,"0,13",исполнявшие сонаты,"0,13","0,00","0,00","1,00","1,00","0,00","0,00","0,00","0,00","0,00","0,00","0,60","0,60","0,02","0,33","0,06","0,40",52,"0,00","0,00","1,00","1,00","0,00","0,00","0,00","0,00"
страшный,"169,1",long,8,high,7,10,"0,70",Автор принадлежит к числу последних свидетелей <mask> событий прошлого века.,свидетелей страшных,"0,13",свидетелей страшных,"0,13","0,00","0,00","0,71","0,71","0,00","0,00","0,29","0,29","0,02","0,00","0,43","0,44","0,00","0,56","0,00","0,56",63,"0,00","0,00","1,00","1,00","0,00","0,00","0,00","0,00"
вагон,"70,9",medium,5,high,6,8,"0,75","Музыканты играли на похоронах, разгружали <mask>, жили бедно.",разгружали вагоны,"0,15",разгружали вагоны,"0,15","0,29","0,00","0,57","0,86","0,14","0,00","0,00","0,14","0,32","0,00","0,26","0,58","0,26","0,11","0,05","0,42",19,"0,00","0,00","1,00","1,00","0,00","0,00","0,00","0,00"
ремешок,"4,3",medium,7,low,6,8,"0,75",Под рукавом рубашки виднелся тонкий <mask>  мужских часов.,тонкий ремешок,"0,15",тонкий ремешок,"0,15","0,00","0,00","0,14","0,14","0,86","0,00","0,00","0,86","0,01","0,00","0,09","0,10","0,83","0,07","0,00","0,90",81,"0,00","0,00","0,00","0,00","1,00","0,00","0,00","1,00"
злой,"61,5",short,4,high,3,5,"0,60",Очень тогда <mask> попадались люди.,тогда злые,"0,2",тогда злые,"0,2","0,00","0,00","0,43","0,43","0,00","0,29","0,29","0,57","0,00","0,00","0,03","0,03","0,00","0,94","0,03","0,97",70,"0,00","0,00","0,50","0,50","0,00","0,50","0,00","0,50"
неопытный,"4,9",long,9,low,4,8,"0,50",Он был очень <mask>  дипломатом и большим мечтателем.,очень неопытным,"0,2",очень неопытным,"0,2","0,00","0,00","0,57","0,57","0,43","0,00","0,00","0,43","0,00","0,00","0,50","0,50","0,44","0,06","0,00","0,50",18,"0,00","0,00","1,00","1,00","0,00","0,00","0,00","0,00"
иной,"348,3",short,4,high,7,9,"0,78",У нас в Волгограде многие придерживаются <mask> точки зрения.,придерживаются иной,"0,22",придерживаются иной,"0,22","0,00","0,00","0,86","0,86","0,00","0,14","0,00","0,14","0,00","0,00","0,45","0,45","0,00","0,52","0,03","0,55",69,"0,00","0,00","1,00","1,00","0,00","0,00","0,00","0,00"
крупа,"6,8",medium,5,low,4,11,"0,36","А промывать манную <mask> перед тем, как варить ее, не пробовали?",манная крупа,"0,22",манная крупа,"0,22","0,43","0,00","0,00","0,43","0,57","0,00","0,00","0,57","0,31","0,00","0,00","0,31","0,63","0,00","0,06","0,69",16,"0,00","0,00","0,00","0,00","1,00","0,00","0,00","1,00"
расход,"90,2",medium,6,high,4,8,"0,50","Судя по огромному <mask> воды, они купали слонов.",огромному расходу,"0,22",огромному расходу,"0,22","0,00","0,00","1,00","1,00","0,00","0,00","0,00","0,00","0,02","0,00","0,36","0,38","0,60","0,01","0,01","0,62",138,"0,00","0,00","1,00","1,00","0,00","0,00","0,00","0,00"
лом,"8,8",short,3,low,5,7,"0,71","В багажнике были лопата, <mask> и грабли.",лопата лом,"0,23",лопата лом,"0,23","0,14","0,29","0,57","1,00","0,00","0,00","0,00","0,00","0,02","0,00","0,94","0,95","0,00","0,03","0,02","0,05",62,"0,00","0,00","0,50","0,50","0,50","0,00","0,00","0,50"
прибыльный,"5,4",long,10,low,8,11,"0,73",Торговля продуктами питания является одной из самых <mask>  отраслей в России.,самых прибыльных,"0,23",самых прибыльных,"0,23","0,71","0,00","0,29","1,00","0,00","0,00","0,00","0,00","0,27","0,00","0,67","0,93","0,00","0,00","0,07","0,07",15,"0,00","0,00","1,00","1,00","0,00","0,00","0,00","0,00"
бездетный,2,long,9,low,5,11,"0,45","Ее сын Гриша умер <mask> , и младший сын остался единственным наследником.",умер бездетным,"0,24",умер бездетным,"0,24","0,00","0,00","0,43","0,43","0,00","0,43","0,14","0,57","0,00","0,00","0,06","0,06","0,06","0,89","0,00","0,94",18,"0,00","0,00","0,50","0,50","0,00","0,50","0,00","0,50"
корабль,"112,5",medium,7,high,8,12,"0,67","За углом ― Морской музей, с бесчисленными моделями <mask>, старинных и современных.",моделями кораблей,"0,26",моделями кораблей,"0,26","0,86","0,00","0,14","1,00","0,00","0,00","0,00","0,00","0,88","0,00","0,03","0,91","0,00","0,07","0,01","0,09",69,"0,50","0,00","0,00","0,50","0,50","0,00","0,00","0,50"
уйти,"315,6",short,4,high,6,11,"0,55","Если мы позволим этим людям <mask>, наши проекты станут гораздо беднее.",людям уйти,0,позволить уйти,"0,29","0,14","0,00","0,43","0,57","0,14","0,14","0,14","0,43","0,00","0,00","0,05","0,05","0,71","0,19","0,05","0,95",21,"0,00","0,00","1,00","1,00","0,00","0,00","0,00","0,00"
баранина,"4,3",long,8,low,5,7,"0,71","В котёл бросают куски <mask> , специи, травы.",куски баранины,"0,3",куски баранины,"0,3","0,00","0,00","0,71","0,71","0,14","0,14","0,00","0,29","0,00","0,00","0,85","0,85","0,00","0,15","0,00","0,15",20,"0,00","0,00","1,00","1,00","0,00","0,00","0,00","0,00"
получать,"188,2",long,8,high,3,10,"0,30",Этот студент <mask> только отличные оценки с самого первого семестра.,студент получает,"0,31",студент получает,"0,31","0,57","0,00","0,00","0,57","0,00","0,14","0,29","0,43","0,00","0,00","0,06","0,06","0,65","0,29","0,00","0,94",17,"0,00","1,00","0,00","1,00","0,00","0,00","0,00","0,00"
банк,"178,1",short,4,high,8,11,"0,73","У моего отца был счёт в швейцарском <mask>, он был лесоторговец!",швейцарском банке,"0,33",швейцарском банке,"0,33","1,00","0,00","0,00","1,00","0,00","0,00","0,00","0,00","0,92","0,00","0,00","0,92","0,00","0,04","0,04","0,08",24,"1,00","0,00","0,00","1,00","0,00","0,00","0,00","0,00"
подруга,"79,4",medium,7,high,4,10,"0,40","У мамы есть <mask>, которая живёт прямо напротив здания театра.",есть подруга,"0,34",есть подруга,"0,34","0,14","0,00","0,29","0,43","0,43","0,14","0,00","0,57","0,04","0,00","0,20","0,23","0,34","0,41","0,01","0,77",82,"0,50","0,00","0,50","1,00","0,00","0,00","0,00","0,00"
хаки,1,short,4,low,8,11,"0,73","Выбирая вязаную шапочку, знайте, что лучше шапка цвета <mask> из шерсти.",цвета хаки,"0,5",цвета хаки,"0,5","0,00","0,00","0,00","0,00","0,86","0,14","0,00","1,00","0,33","0,00","0,42","0,75","0,21","0,02","0,02","0,25",52,"0,00","0,00","0,50","0,50","0,50","0,00","0,00","0,50"
дом,"792,6",short,3,high,8,10,"0,80","Выходя замуж, ты надеялась обрести спокойствие, уютный <mask>, крепкую семью.",уютный дом,"0,63",уютный дом,"0,63","0,71","0,00","0,00","0,71","0,29","0,00","0,00","0,29","0,91","0,00","0,04","0,95","0,03","0,01","0,01","0,05",79,"1,00","0,00","0,00","1,00","0,00","0,00","0,00","0,00"
узнать,"238,1",medium,6,high,4,11,"0,36","Володя каким-то образом <mask> то, чего ему не надо было знать.",образом узнала,"0,64",образом узнала,"0,64","0,57","0,00","0,29","0,86","0,14","0,00","0,00","0,14","0,17","0,03","0,12","0,32","0,66","0,02","0,00","0,68",116,"0,50","0,00","0,00","0,50","0,50","0,00","0,00","0,50"
урон,"3,6",short,4,low,3,8,"0,38","Думаю, большой <mask> здоровью такие вечеринки не наносят.",большой урон,"0,65",большой урон,"0,65","0,00","0,00","0,57","0,57","0,43","0,00","0,00","0,43","0,00","0,00","0,08","0,08","0,80","0,08","0,04","0,92",51,"0,00","0,00","1,00","1,00","0,00","0,00","0,00","0,00"
лёд,"62,5",short,3,high,5,11,"0,45","На болотах оставался ещё <mask>, но на берегах реки появилась трава.",еще лед,"0,69",еще лед,"0,69","0,29","0,00","0,29","0,57","0,00","0,29","0,14","0,43","0,00","0,00","0,23","0,23","0,09","0,64","0,03","0,77",138,"0,00","0,00","1,00","1,00","0,00","0,00","0,00","0,00"
входить,"157,9",medium,7,high,5,8,"0,63",Какие главные лекарства должны <mask> в аптечку автомобилиста?,должны входить,"0,95",должны входить,"0,95","0,00","0,00","0,86","0,86","0,14","0,00","0,00","0,14","0,00","0,00","0,76","0,76","0,21","0,02","0,02","0,24",62,"1,00","0,00","0,00","1,00","0,00","0,00","0,00","0,00"
трепать,"4,7",medium,7,low,4,11,"0,36","В лесу ветром <mask>  сухие стебли растений, почерневшие от летнего солнца.",ветром трепало,"0,95",ветром трепало,"0,95","0,00","0,00","0,43","0,43","0,43","0,00","0,14","0,57","0,01","0,00","0,76","0,78","0,18","0,03","0,01","0,22",76,"0,00","0,00","0,00","0,00","1,00","0,00","0,00","1,00"
заставить,"92,1",long,9,high,8,10,"0,80",Но четыре года я не мог себя <mask> сделать это.,себя заставить,"1,06",себя заставить,"1,06","0,43","0,00","0,14","0,57","0,00","0,14","0,29","0,43","0,27","0,00","0,20","0,47","0,53","0,00","0,00","0,53",15,"1,00","0,00","0,00","1,00","0,00","0,00","0,00","0,00"
лес,"211,5",short,3,high,5,8,"0,63","Дорога ведет в глухой <mask>, петляя по склонам.",глухой лес,"1,15",глухой лес,"1,15","1,00","0,00","0,00","1,00","0,00","0,00","0,00","0,00","0,76","0,00","0,01","0,77","0,15","0,05","0,03","0,23",87,"1,00","0,00","0,00","1,00","0,00","0,00","0,00","0,00"
лететь,"82,9",medium,6,high,5,10,"0,50","Когда она в самолёте <mask> домой, читать не было сил.",самолете летит,"1,15",самолете летит,"1,15","0,00","0,14","0,00","0,14","0,00","0,14","0,71","0,86","0,08","0,11","0,01","0,20","0,54","0,24","0,02","0,80",132,"0,00","0,00","1,00","1,00","0,00","0,00","0,00","0,00"
ухо,"139,3",short,3,high,7,9,"0,78","Сделав мне знак помолчать, он приложил <mask> к двери.",приложил ухо,"1,2",приложил ухо,"1,2","0,29","0,00","0,14","0,43","0,43","0,14","0,00","0,57","0,08","0,00","0,02","0,10","0,72","0,15","0,03","0,90",96,"0,00","0,00","0,00","0,00","1,00","0,00","0,00","1,00"
повторить,"80,9",long,9,high,6,9,"0,67","Что ты хочешь чтобы тебе <mask>, вопрос или ответ?",тебе повторили,"1,36",тебе повторили,"1,36","0,00","0,00","0,00","0,00","0,57","0,29","0,14","1,00","0,00","0,00","0,33","0,33","0,67","0,00","0,00","0,67",15,"0,00","0,00","0,50","0,50","0,50","0,00","0,00","0,50"
открытый,"134,4",long,8,high,5,9,"0,56",На газовой плите стояла <mask> кастрюля с кипящей водой.,стояла открытая,"1,68",стояла открытая,"1,68","0,00","0,00","0,29","0,29","0,00","0,71","0,00","0,71","0,00","0,00","0,03","0,03","0,00","0,97","0,00","0,97",63,"0,00","0,00","1,00","1,00","0,00","0,00","0,00","0,00"
лестница,"83,1",long,8,high,4,8,"0,50",На ведущей вниз <mask> сосед просил прекратить разговоры.,вниз лестнице,"1,77",вниз лестнице,"1,77","0,86","0,00","0,14","1,00","0,00","0,00","0,00","0,00","0,00","0,00","0,89","0,89","0,08","0,02","0,02","0,11",62,"0,50","0,00","0,00","0,50","0,50","0,00","0,00","0,50"
река,131,short,4,high,4,8,"0,50","Город, раскинувшийся вдоль <mask>, состоял из двух частей.",вдоль реки,"1,84",вдоль реки,"1,84","0,71","0,00","0,29","1,00","0,00","0,00","0,00","0,00","0,62","0,00","0,32","0,94","0,00","0,02","0,05","0,06",66,"0,50","0,00","0,50","1,00","0,00","0,00","0,00","0,00"
спать,"221,9",medium,5,high,4,8,"0,50","Он стал плохо <mask>, капризничать в детском саду.",плохо спать,"2,04",плохо спать,"2,04","0,00","0,00","0,00","0,00","0,43","0,14","0,43","1,00","0,05","0,00","0,26","0,32","0,32","0,26","0,11","0,68",19,"0,00","0,00","1,00","1,00","0,00","0,00","0,00","0,00"
полный,"390,6",medium,6,high,6,8,"0,75","У тебя впереди замечательный день, <mask> приятных событий.",через запятую,0,день полный,"2,18","0,00","0,00","0,14","0,14","0,29","0,14","0,43","0,86","0,00","0,00","0,00","0,00","0,16","0,68","0,16","1,00",19,"1,00","0,00","0,00","1,00","0,00","0,00","0,00","0,00"
угол,"168,1",short,4,high,3,8,"0,38",В каждом <mask> комнаты сидели по две кошки.,каждом углу,"2,24",каждом углу,"2,24","0,00","0,00","0,00","0,00","0,43","0,57","0,00","1,00","0,00","0,00","0,00","0,00","0,68","0,29","0,03","1,00",66,"1,00","0,00","0,00","1,00","0,00","0,00","0,00","0,00"
заявление,"109,3",long,9,high,6,8,"0,75",На Ольгу Васильевну было написано <mask> в полицию.,написано заявление,"2,27",написано заявление,"2,27","0,00","0,00","0,00","0,00","0,43","0,14","0,43","1,00","0,33","0,00","0,07","0,40","0,20","0,40","0,00","0,60",15,"1,00","0,00","0,00","1,00","0,00","0,00","0,00","0,00"
жить,"725,5",short,4,high,5,9,"0,56","Он признаёт право каждого <mask> так, как ему удобно.",каждого жить,"2,47",каждого жить,"2,47","0,14","0,00","0,00","0,14","0,14","0,57","0,14","0,86","0,00","0,00","0,00","0,00","0,00","0,95","0,05","1,00",21,"1,00","0,00","0,00","1,00","0,00","0,00","0,00","0,00"
расти,"125,8",medium,5,high,3,7,"0,43","Телята быстро <mask>, превращаясь в ласковых коров.",быстро росли,"2,53",быстро росли,"2,53","0,00","0,57","0,00","0,57","0,43","0,00","0,00","0,43","0,26","0,16","0,05","0,47","0,37","0,05","0,11","0,53",19,"0,00","1,00","0,00","1,00","0,00","0,00","0,00","0,00"
обстановка,"76,2",long,10,high,6,8,"0,75","Стала стабильнее экономическая и политическая <mask>, люди расслабились.",политическая обстановка,"1,36",экономическая + политическая ,"2,65","0,14","0,00","0,86","1,00","0,00","0,00","0,00","0,00","0,13","0,00","0,80","0,93","0,07","0,00","0,00","0,07",15,"1,00","0,00","0,00","1,00","0,00","0,00","0,00","0,00"
желать,"123,1",medium,6,high,3,10,"0,30","Тому, кто <mask> невозможного, объяснят: Близок локоть, да не укусишь.",кто желает,"2,67",кто желает,"2,67","0,00","0,00","0,00","0,00","0,29","0,71","0,00","1,00","0,00","0,00","0,19","0,19","0,61","0,20","0,01","0,81",138,"0,00","0,00","0,50","0,50","0,50","0,00","0,00","0,50"
весь,"3947,3",short,4,high,6,9,"0,67",И не надо ставить это целью <mask> своей жизни.,целью всей,"3,4",целью всей,"3,4","0,00","0,00","0,00","0,00","0,00","0,43","0,57","1,00","0,17","0,00","0,01","0,18","0,49","0,28","0,06","0,82",72,"0,50","0,00","0,00","0,50","0,00","0,50","0,00","0,50"
телефон,"167,8",medium,7,high,5,10,"0,50","Причиной аварии был мобильный <mask>, который отвлекал водителя от дороги.",мобильный телефон,4,мобильный телефон,4,"1,00","0,00","0,00","1,00","0,00","0,00","0,00","0,00","0,97","0,00","0,03","1,00","0,00","0,00","0,00","0,00",65,"1,00","0,00","0,00","1,00","0,00","0,00","0,00","0,00"
рот,"133,6",short,3,high,4,12,"0,33","Ваня раскрыл было <mask>, но понял, что что-то не так, и промолчал.",было рот,"0,64",раскрыть рот,"4,15","0,57","0,00","0,43","1,00","0,00","0,00","0,00","0,00","0,22","0,00","0,09","0,31","0,57","0,09","0,03","0,69",112,"0,50","0,00","0,50","1,00","0,00","0,00","0,00","0,00"
рыба,86,short,4,high,6,8,"0,75","Наживка, на которую он ловил <mask>, быстро закончилась.",ловил рыб,"4,71",ловил рыб,"4,71","0,57","0,00","0,00","0,57","0,29","0,14","0,00","0,43","0,78","0,01","0,10","0,90","0,00","0,06","0,04","0,10",68,"1,00","0,00","0,00","1,00","0,00","0,00","0,00","0,00"
количество,"206,7",long,10,high,9,11,"0,82",Во избежание ожогов надо нанести на лицо небольшое <mask> защитного крема.,небольшое количество,"4,73",небольшое количество,"4,73","0,57","0,00","0,00","0,57","0,29","0,00","0,14","0,43","1,00","0,00","0,00","1,00","0,00","0,00","0,00","0,00",15,"1,00","0,00","0,00","1,00","0,00","0,00","0,00","0,00"
центр,"265,9",medium,5,high,9,12,"0,75","Зоопарк ― это кусочек другого мира, находящийся в самом <mask> нашего района.",самом центре,"4,85",самом центре,"4,85","0,29","0,00","0,14","0,43","0,57","0,00","0,00","0,57","0,71","0,00","0,24","0,94","0,00","0,00","0,06","0,06",17,"0,50","0,00","0,50","1,00","0,00","0,00","0,00","0,00"
страница,"95,1",long,8,high,7,11,"0,64",Этот роман захватывает читателя с первой <mask> и держит до последней.,первой страницы,"4,87",первой страницы,"4,87","0,86","0,00","0,00","0,86","0,00","0,14","0,00","0,14","0,79","0,00","0,21","1,00","0,00","0,00","0,00","0,00",19,"1,00","0,00","0,00","1,00","0,00","0,00","0,00","0,00"
общество,"314,7",long,8,high,3,11,"0,27",В современном <mask> семья и школа оказывают большое влиявние на подростков.,современное общество,"4,88",современное общество,"4,88","0,00","0,00","0,57","0,57","0,29","0,00","0,14","0,43","0,06","0,00","0,88","0,94","0,06","0,00","0,00","0,06",17,"0,00","0,00","1,00","1,00","0,00","0,00","0,00","0,00"
прежний,"103,6",medium,7,high,5,11,"0,45","Перед ним снова была <mask> Маша, которую он знал и любил.",была прежняя,"6,64",была прежняя,"6,64","0,00","0,00","0,57","0,57","0,00","0,43","0,00","0,43","0,00","0,00","0,21","0,21","0,06","0,73","0,00","0,79",101,"0,00","0,00","1,00","1,00","0,00","0,00","0,00","0,00"
есть,"94,7",short,4,high,3,7,"0,43",Однако здесь <mask> и свои актуальные проблемы.,здесь есть,"9,31",здесь есть,"9,31","0,00","0,00","0,00","0,00","0,00","0,57","0,43","1,00","0,14","0,00","0,10","0,24","0,19","0,52","0,05","0,76",21,"1,00","0,00","0,00","1,00","0,00","0,00","0,00","0,00"
который,4209,medium,7,high,5,10,"0,50","Мне нравится сын коллеги, <mask> недавно заходил в наш отдел.",через запятую,0,сын который,"9,47","0,00","0,00","0,00","0,00","0,00","0,71","0,29","1,00","0,46","0,00","0,18","0,64","0,01","0,33","0,02","0,36",91,"1,00","0,00","0,00","1,00","0,00","0,00","0,00","0,00"
узкий,"88,3",medium,5,high,5,10,"0,50","Власть судов была такой <mask>, что они ничего не решали.",влась была,"11,32",влась была,"11,32","0,00","0,00","0,43","0,43","0,14","0,43","0,00","0,57","0,00","0,00","0,05","0,05","0,76","0,10","0,10","0,95",21,"0,00","0,00","0,00","0,00","0,50","0,50","0,00","1,00"
обнаружить,125,long,10,high,7,10,"0,70",В конверте вместе с деньгами была <mask> записка с угрозами.,была обнаружена,"11,57",была обнаружена,"11,57","0,00","0,00","0,00","0,00","0,00","1,00","0,00","1,00","0,00","0,00","0,06","0,06","0,00","0,92","0,02","0,94",52,"0,00","0,00","1,00","1,00","0,00","0,00","0,00","0,00"
шаг,"203,8",short,3,high,3,10,"0,30","Я сделала <mask> навстречу: приехала к ней, попросив выслушать меня.",сделать шаг,"16,25",сделать шаг,"16,25","0,14","0,00","0,00","0,14","0,14","0,43","0,29","0,86","0,05","0,00","0,00","0,05","0,43","0,49","0,02","0,95",91,"0,50","0,00","0,00","0,50","0,00","0,50","0,00","0,50"
семья,"276,6",medium,5,high,6,11,"0,55","Взяв с собой фотоаппарат, вся <mask> поехала в парк на пикник.",вся семья,"16,62",вся семья,"16,62","0,14","0,00","0,43","0,57","0,29","0,14","0,00","0,43","0,11","0,00","0,58","0,68","0,05","0,16","0,11","0,32",19,"0,50","0,00","0,50","1,00","0,00","0,00","0,00","0,00"
новый,"1217,5",medium,5,high,7,9,"0,78",Тема эта в то время была <mask> для многих.,была новой,"43,23",была новой,"43,23","0,00","0,00","0,57","0,57","0,00","0,29","0,14","0,43","0,00","0,00","0,43","0,43","0,05","0,43","0,10","0,57",21,"0,00","0,00","1,00","1,00","0,00","0,00","0,00","0,00"